<?xml version="1.0" encoding="UTF-8"?>
<LightningComponentBundle xmlns="http://soap.sforce.com/2006/04/metadata" fqn="knowledgeSearch">
    <apiVersion>46.0</apiVersion>
    <isExposed>true</isExposed>
    <masterLabel>Knowledge Search</masterLabel>
    <description>Search Knowledge articles</description>
    <targets>
        <target>lightning__AppPage</target>
        <target>lightning__RecordPage</target>
        <target>lightning__HomePage</target>
        <target>lightning__UtilityBar</target>
    </targets>
    <targetConfigs>
      <targetConfig targets="lightning__UtilityBar">
          <property name="displayCard" type="Boolean" label="Displaying card style" default="false" description="Add a card around the component"/>
      </targetConfig>
      <targetConfig targets="lightning__AppPage, lightning__RecordPage, lightning__HomePage">
          <property name="displayCard" type="Boolean" label="Displaying card style" default="true" description="Add a card around the component"/>
      </targetConfig>
  </targetConfigs>

</LightningComponentBundle>