<?xml version="1.0" encoding="UTF-8"?>
<LightningComponentBundle xmlns="http://soap.sforce.com/2006/04/metadata" fqn="communityUser">
    <apiVersion>46.0</apiVersion>
    <isExposed>true</isExposed>
    <masterLabel>Community User</masterLabel>
    <targets>
            <target>lightning__RecordPage</target>
        <target>lightningCommunity__Page</target>
        <target>lightningCommunity__Default</target>
    </targets> 
    <targetConfigs>
        <targetConfig targets="lightningCommunity__Default">
            <property name="recordId" type="String" ></property>
        </targetConfig>
    </targetConfigs>  
</LightningComponentBundle>